,drop_997.pkl,drop_997.pkl,drop_997.pkl,drop_997.pkl,drop_1357.pkl,drop_1357.pkl,drop_1357.pkl,drop_1357.pkl,drop_397.pkl,drop_397.pkl,drop_397.pkl,drop_397.pkl,drop_1234.pkl,drop_1234.pkl,drop_1234.pkl,drop_1234.pkl,drop_262.pkl,drop_262.pkl,drop_262.pkl,drop_262.pkl,drop_1252.pkl,drop_1252.pkl,drop_1252.pkl,drop_1252.pkl,drop_1174.pkl,drop_1174.pkl,drop_1174.pkl,drop_1174.pkl,drop_1338.pkl,drop_1338.pkl,drop_1338.pkl,drop_1338.pkl,drop_2751.pkl,drop_2751.pkl,drop_2751.pkl,drop_2751.pkl,drop_978.pkl,drop_978.pkl,drop_978.pkl,drop_978.pkl,drop_1114.pkl,drop_1114.pkl,drop_1114.pkl,drop_1114.pkl,drop_895.pkl,drop_895.pkl,drop_895.pkl,drop_895.pkl,drop_939.pkl,drop_939.pkl,drop_939.pkl,drop_939.pkl,drop_1334.pkl,drop_1334.pkl,drop_1334.pkl,drop_1334.pkl,drop_638.pkl,drop_638.pkl,drop_638.pkl,drop_638.pkl,drop_1350.pkl,drop_1350.pkl,drop_1350.pkl,drop_1350.pkl,drop_709.pkl,drop_709.pkl,drop_709.pkl,drop_709.pkl,drop_1362.pkl,drop_1362.pkl,drop_1362.pkl,drop_1362.pkl,drop_1101.pkl,drop_1101.pkl,drop_1101.pkl,drop_1101.pkl,drop_947.pkl,drop_947.pkl,drop_947.pkl,drop_947.pkl,drop_1208.pkl,drop_1208.pkl,drop_1208.pkl,drop_1208.pkl,drop_790.pkl,drop_790.pkl,drop_790.pkl,drop_790.pkl,drop_428.pkl,drop_428.pkl,drop_428.pkl,drop_428.pkl,drop_459.pkl,drop_459.pkl,drop_459.pkl,drop_459.pkl
,abundance,growth_rate,reactions,metabolites,abundance,growth_rate,reactions,metabolites,abundance,growth_rate,reactions,metabolites,abundance,growth_rate,reactions,metabolites,abundance,growth_rate,reactions,metabolites,abundance,growth_rate,reactions,metabolites,abundance,growth_rate,reactions,metabolites,abundance,growth_rate,reactions,metabolites,abundance,growth_rate,reactions,metabolites,abundance,growth_rate,reactions,metabolites,abundance,growth_rate,reactions,metabolites,abundance,growth_rate,reactions,metabolites,abundance,growth_rate,reactions,metabolites,abundance,growth_rate,reactions,metabolites,abundance,growth_rate,reactions,metabolites,abundance,growth_rate,reactions,metabolites,abundance,growth_rate,reactions,metabolites,abundance,growth_rate,reactions,metabolites,abundance,growth_rate,reactions,metabolites,abundance,growth_rate,reactions,metabolites,abundance,growth_rate,reactions,metabolites,abundance,growth_rate,reactions,metabolites,abundance,growth_rate,reactions,metabolites,abundance,growth_rate,reactions,metabolites
taxa,,,,,,,,,,,,,,,,,,,,,,,,,,,,,,,,,,,,,,,,,,,,,,,,,,,,,,,,,,,,,,,,,,,,,,,,,,,,,,,,,,,,,,,,,,,,,,,,
1080,0.04,6.391960747797611,2192.0,1433.0,0.04,6.404605895620395,2192.0,1433.0,0.04,5.991750659718927,2192.0,1433.0,0.04,0.13225528257823607,2192.0,1433.0,0.04,7.584600441555633,2192.0,1433.0,0.04,6.474784918732572,2192.0,1433.0,0.04,0.00011149719582414453,2192.0,1433.0,0.04,7.418945013887895,2192.0,1433.0,0.04,6.416832390039715,2192.0,1433.0,0.04,7.693591870676103,2192.0,1433.0,0.04,6.3534508640683285,2192.0,1433.0,0.04,7.05359682805221,2192.0,1433.0,0.04,5.202575725413354,2192.0,1433.0,0.04,7.196347532341859,2192.0,1433.0,0.04,6.778648705721339,2192.0,1433.0,0.04,8.392017617980342,2192.0,1433.0,0.04,5.455299402222057,2192.0,1433.0,0.04,6.22504345586355,2192.0,1433.0,0.04,5.978406406460143,2192.0,1433.0,0.04,5.962419917119837,2192.0,1433.0,0.04,5.886037237491933,2192.0,1433.0,0.04,8.078586227582736,2192.0,1433.0,0.04,6.242142266975365,2192.0,1433.0,0.04,7.624024783097041,2192.0,1433.0
1101,0.04,6.3141462444667384,2883.0,1858.0,0.04,6.314187263780644,2883.0,1858.0,0.04,6.314108929603305,2883.0,1858.0,0.04,7.687778279289536,2883.0,1858.0,0.04,6.314487416275657,2883.0,1858.0,0.04,6.337794636376798,2883.0,1858.0,0.04,6.606479117710543,2883.0,1858.0,0.04,6.314290884931695,2883.0,1858.0,0.04,6.3096916083159975,2883.0,1858.0,0.04,6.314148301846034,2883.0,1858.0,0.04,7.029456957495202,2883.0,1858.0,0.04,6.253624246789338,2883.0,1858.0,0.04,6.254060184890619,2883.0,1858.0,0.04,6.253590987434506,2883.0,1858.0,0.04,6.90057743305604,2883.0,1858.0,0.04,6.253669706637756,2883.0,1858.0,0.04,6.324025307391116,2883.0,1858.0,0.04,6.31417664488978,2883.0,1858.0,,,,,0.04,6.300941453129148,2883.0,1858.0,0.04,6.31424256187659,2883.0,1858.0,0.04,6.248037546992562,2883.0,1858.0,0.04,6.230428587283983,2883.0,1858.0,0.04,6.253592515441158,2883.0,1858.0
1114,0.04,2.821331181979535,2032.0,1417.0,0.04,3.660710499900534,2032.0,1417.0,0.04,3.6484584392221535,2032.0,1417.0,0.04,0.1775457987464222,2032.0,1417.0,0.04,4.00008980727862,2032.0,1417.0,0.04,4.217223209608365,2032.0,1417.0,0.04,0.19319079034950637,2032.0,1417.0,0.04,3.297378474843715,2032.0,1417.0,0.04,2.805089259057383,2032.0,1417.0,0.04,3.728013862463596,2032.0,1417.0,,,,,0.04,2.5639421452962976,2032.0,1417.0,0.04,3.075192042177961,2032.0,1417.0,0.04,3.655052728557643,2032.0,1417.0,0.04,4.217240636861697,2032.0,1417.0,0.04,3.7940603535705857,2032.0,1417.0,0.04,3.4851928556322918,2032.0,1417.0,0.04,2.388142991018449,2032.0,1417.0,0.04,3.6150978807539125,2032.0,1417.0,0.04,3.250758071231804,2032.0,1417.0,0.04,3.744287793889824,2032.0,1417.0,0.04,2.403864111205261,2032.0,1417.0,0.04,3.4748540597484676,2032.0,1417.0,0.04,3.6464251348442565,2032.0,1417.0
1174,0.04,4.778273235456428,2696.0,1791.0,0.04,4.788807372493927,2696.0,1791.0,0.04,4.631752840452046,2696.0,1791.0,0.04,4.853399881210915,2696.0,1791.0,0.04,4.766949702311339,2696.0,1791.0,0.04,4.653486598412378,2696.0,1791.0,,,,,0.04,4.668317831363596,2696.0,1791.0,0.04,4.685439060813617,2696.0,1791.0,0.04,4.788838371902098,2696.0,1791.0,0.04,4.631196513446331,2696.0,1791.0,0.04,4.789033878224928,2696.0,1791.0,0.04,4.789957278124421,2696.0,1791.0,0.04,4.765409256146928,2696.0,1791.0,0.04,4.677816826007445,2696.0,1791.0,0.04,4.632057881993072,2696.0,1791.0,0.04,5.298823860922444,2696.0,1791.0,0.04,4.471052690988006,2696.0,1791.0,0.04,4.788839843831254,2696.0,1791.0,0.04,4.632081051692518,2696.0,1791.0,0.04,4.632299387408044,2696.0,1791.0,0.04,4.752568209020758,2696.0,1791.0,0.04,4.788782395268728,2696.0,1791.0,0.04,4.622644765035189,2696.0,1791.0
1208,0.04,1.3118759552750225,2635.0,1734.0,0.04,1.2241836833181226,2635.0,1734.0,0.04,1.1291454951169104,2635.0,1734.0,0.04,0.9786106677580433,2635.0,1734.0,0.04,1.209726946252452,2635.0,1734.0,0.04,1.7096955666514233,2635.0,1734.0,0.04,1.0161755884294315,2635.0,1734.0,0.04,1.1929264672110176,2635.0,1734.0,0.04,1.2006203954483277,2635.0,1734.0,0.04,1.225335295083914,2635.0,1734.0,0.04,1.3817383514712143,2635.0,1734.0,0.04,1.9467723614071686,2635.0,1734.0,0.04,1.6516317275683337,2635.0,1734.0,0.04,1.478569492828088,2635.0,1734.0,0.04,1.2707546155295186,2635.0,1734.0,0.04,1.135634553703199,2635.0,1734.0,0.04,0.8064446029389308,2635.0,1734.0,0.04,1.169931628285413,2635.0,1734.0,0.04,1.231225615439135,2635.0,1734.0,0.04,1.1339941979042014,2635.0,1734.0,,,,,0.04,1.2254001547918534,2635.0,1734.0,0.04,1.1664129079891021,2635.0,1734.0,0.04,1.2248065371707513,2635.0,1734.0
1234,0.04,11.57835600467021,2805.0,1837.0,0.04,11.663137045950535,2805.0,1837.0,0.04,11.729194940982238,2805.0,1837.0,,,,,0.04,12.427409222649302,2805.0,1837.0,0.04,10.225511490317766,2805.0,1837.0,0.04,14.733830680878137,2805.0,1837.0,0.04,12.082155227641888,2805.0,1837.0,0.04,11.463149094880526,2805.0,1837.0,0.04,11.517346883793605,2805.0,1837.0,0.04,11.96830025577019,2805.0,1837.0,0.04,11.883421179049856,2805.0,1837.0,0.04,11.958247786413233,2805.0,1837.0,0.04,11.803757507409877,2805.0,1837.0,0.04,12.577156554771788,2805.0,1837.0,0.04,11.387199688039665,2805.0,1837.0,0.04,11.470524258445991,2805.0,1837.0,0.04,12.893068208525207,2805.0,1837.0,0.04,11.798617973703532,2805.0,1837.0,0.04,11.799187776321789,2805.0,1837.0,0.04,11.686567993734203,2805.0,1837.0,0.04,11.452982550510042,2805.0,1837.0,0.04,11.803642709430857,2805.0,1837.0,0.04,11.555725143270532,2805.0,1837.0
1252,0.04,4.236073990054864,2312.0,1577.0,0.04,4.305396569398089,2312.0,1577.0,0.04,4.305631183730074,2312.0,1577.0,0.04,4.3066908609058245,2312.0,1577.0,0.04,4.2046573827218285,2312.0,1577.0,,,,,0.04,4.2558340675312225,2312.0,1577.0,0.04,4.234222724430748,2312.0,1577.0,0.04,4.221446677067861,2312.0,1577.0,0.04,4.156037184127483,2312.0,1577.0,0.04,4.570140496567133,2312.0,1577.0,0.04,4.324296161748227,2312.0,1577.0,0.04,4.305640166483974,2312.0,1577.0,0.04,4.502405655198063,2312.0,1577.0,0.04,4.218522797012553,2312.0,1577.0,0.04,4.170595989145863,2312.0,1577.0,0.04,4.311123948013684,2312.0,1577.0,0.04,4.579686317157737,2312.0,1577.0,0.04,4.305614591718051,2312.0,1577.0,0.04,4.305828122487366,2312.0,1577.0,0.04,4.363234342346308,2312.0,1577.0,0.04,4.155388746840763,2312.0,1577.0,0.04,4.3056273019623665,2312.0,1577.0,0.04,4.146404425612921,2312.0,1577.0
1334,0.04,4.349103811823657,2543.0,1658.0,0.04,4.091195535178845,2543.0,1658.0,0.04,4.12952272328009,2543.0,1658.0,0.04,3.998601022048615,2543.0,1658.0,0.04,4.152363111506592,2543.0,1658.0,0.04,5.009229158856168,2543.0,1658.0,0.04,4.064724231481656,2543.0,1658.0,0.04,4.281750056361643,2543.0,1658.0,0.04,4.192633036436735,2543.0,1658.0,0.04,4.1446211154960535,2543.0,1658.0,0.04,5.375730152894889,2543.0,1658.0,0.04,4.009694528317191,2543.0,1658.0,0.04,4.436689133714526,2543.0,1658.0,,,,,0.04,4.8798208755784795,2543.0,1658.0,0.04,3.9651532064743877,2543.0,1658.0,0.04,4.49797134162402,2543.0,1658.0,0.04,4.196796114924724,2543.0,1658.0,0.04,4.0968678921664425,2543.0,1658.0,0.04,4.07403647844348,2543.0,1658.0,0.04,4.048615552202465,2543.0,1658.0,0.04,4.145427637827216,2543.0,1658.0,0.04,4.055430795277549,2543.0,1658.0,0.04,4.2656248961835574,2543.0,1658.0
1338,0.04,10.863189357285423,2268.0,1507.0,0.04,10.916693807481902,2268.0,1507.0,0.04,10.951213774728444,2268.0,1507.0,0.04,13.368490448921294,2268.0,1507.0,0.04,12.071344661053379,2268.0,1507.0,0.04,9.674830348578457,2268.0,1507.0,0.04,10.868279621938939,2268.0,1507.0,,,,,0.04,10.636982767054938,2268.0,1507.0,0.04,10.787348093810975,2268.0,1507.0,0.04,10.627623140026103,2268.0,1507.0,0.04,11.069137412757692,2268.0,1507.0,0.04,11.152232439002482,2268.0,1507.0,0.04,11.048422413702305,2268.0,1507.0,0.04,11.01220321249563,2268.0,1507.0,0.04,10.57168780600382,2268.0,1507.0,0.04,10.801893349911433,2268.0,1507.0,0.04,12.028176701564105,2268.0,1507.0,0.04,11.02555668144937,2268.0,1507.0,0.04,10.979270080338418,2268.0,1507.0,0.04,10.886453999774591,2268.0,1507.0,0.04,10.66575463551016,2268.0,1507.0,0.04,11.003642536536463,2268.0,1507.0,0.04,10.78519892272511,2268.0,1507.0
1350,0.04,2.018012266354712,2234.0,1532.0,0.04,2.017978986486555,2234.0,1532.0,0.04,2.017998785610957,2234.0,1532.0,0.04,1.996085239736474,2234.0,1532.0,0.04,2.018377334278211,2234.0,1532.0,0.04,2.1425683044356925,2234.0,1532.0,0.04,1.9952412365997496,2234.0,1532.0,0.04,2.0375149148287033,2234.0,1532.0,0.04,2.0074989235360556,2234.0,1532.0,0.04,2.018012638468317,2234.0,1532.0,0.04,2.028078387932136,2234.0,1532.0,0.04,2.1915940041722424,2234.0,1532.0,0.04,2.162855845993513,2234.0,1532.0,0.04,2.2677410305132977,2234.0,1532.0,0.04,2.0199741122395127,2234.0,1532.0,,,,,0.04,2.0136803194453043,2234.0,1532.0,0.04,2.2015801826499035,2234.0,1532.0,0.04,2.0180074016322793,2234.0,1532.0,0.04,2.0180036423001853,2234.0,1532.0,0.04,2.0941117521596735,2234.0,1532.0,0.04,1.95824602075034,2234.0,1532.0,0.04,2.017988636913902,2234.0,1532.0,0.04,2.018136748860124,2234.0,1532.0
1357,0.04,6.64870770647492,2506.0,1629.0,,,,,0.04,6.587974058606137,2506.0,1629.0,0.04,6.635252437738988,2506.0,1629.0,0.04,6.649271361691275,2506.0,1629.0,0.04,6.62313099397075,2506.0,1629.0,0.04,6.641520333260347,2506.0,1629.0,0.04,6.650280142544826,2506.0,1629.0,0.04,6.627506808505648,2506.0,1629.0,0.04,6.54193639198866,2506.0,1629.0,0.04,6.528973178958142,2506.0,1629.0,0.04,6.649576086923479,2506.0,1629.0,0.04,6.505654686819173,2506.0,1629.0,0.04,6.648714709902137,2506.0,1629.0,0.04,6.6413182190844395,2506.0,1629.0,0.04,6.414858115156832,2506.0,1629.0,0.04,6.554121073206698,2506.0,1629.0,0.04,6.622795556299158,2506.0,1629.0,0.04,6.464894646655037,2506.0,1629.0,0.04,6.648719323836209,2506.0,1629.0,0.04,6.441227678279926,2506.0,1629.0,0.04,6.594783698134968,2506.0,1629.0,0.04,6.596608715762208,2506.0,1629.0,0.04,6.421025895933883,2506.0,1629.0
1362,0.04,11.083379335613376,2351.0,1575.0,0.04,11.161769442754721,2351.0,1575.0,0.04,11.22600352377844,2351.0,1575.0,0.04,17.69488933794727,2351.0,1575.0,0.04,12.281860996920718,2351.0,1575.0,0.04,9.828788908330896,2351.0,1575.0,0.04,14.262945486291036,2351.0,1575.0,0.04,11.459952679221285,2351.0,1575.0,0.04,10.839497782788209,2351.0,1575.0,0.04,10.970104663217725,2351.0,1575.0,0.04,10.83426169846445,2351.0,1575.0,0.04,11.261618669920649,2351.0,1575.0,0.04,11.50831300600096,2351.0,1575.0,0.04,11.33340532870802,2351.0,1575.0,0.04,11.2244427488906,2351.0,1575.0,0.04,10.773923894439678,2351.0,1575.0,0.04,11.011828173330711,2351.0,1575.0,,,,,0.04,11.287375935576952,2351.0,1575.0,0.04,11.245882555112727,2351.0,1575.0,0.04,11.153027475442283,2351.0,1575.0,0.04,11.03883670027728,2351.0,1575.0,0.04,11.260116854830917,2351.0,1575.0,0.04,11.007373840262858,2351.0,1575.0
262,0.04,11.12234138374654,2236.0,1488.0,0.04,11.172960878759593,2236.0,1488.0,0.04,11.30355950181445,2236.0,1488.0,0.04,12.462597075601362,2236.0,1488.0,,,,,0.04,9.887065213851143,2236.0,1488.0,0.04,12.18933779344889,2236.0,1488.0,0.04,11.592809736191324,2236.0,1488.0,0.04,10.896452388392397,2236.0,1488.0,0.04,11.026832241595345,2236.0,1488.0,0.04,10.97645015526314,2236.0,1488.0,0.04,11.0420266625922,2236.0,1488.0,0.04,11.051557651916342,2236.0,1488.0,0.04,10.950517385230564,2236.0,1488.0,0.04,11.276835052708334,2236.0,1488.0,0.04,10.944257707160824,2236.0,1488.0,0.04,11.117211809935823,2236.0,1488.0,0.04,12.096138091549385,2236.0,1488.0,0.04,11.288623552780074,2236.0,1488.0,0.04,11.361844103275114,2236.0,1488.0,0.04,11.280032051700177,2236.0,1488.0,0.04,10.963201940273402,2236.0,1488.0,0.04,11.266199157258558,2236.0,1488.0,0.04,11.149039437555697,2236.0,1488.0
2751,0.04,0.3511039367081002,2356.0,1527.0,0.04,0.36148819104025365,2356.0,1527.0,0.04,0.5471983777696189,2356.0,1527.0,0.04,0.00010413174320202975,2356.0,1527.0,0.04,0.16485756280332045,2356.0,1527.0,0.04,0.5188524927514379,2356.0,1527.0,0.04,6.893622893828625e-05,2356.0,1527.0,0.04,0.11198209688594869,2356.0,1527.0,,,,,0.04,0.38020317016247424,2356.0,1527.0,0.04,0.08194204405497901,2356.0,1527.0,0.04,1.880935113130423,2356.0,1527.0,0.04,0.21143603695423652,2356.0,1527.0,0.04,0.5917708794627148,2356.0,1527.0,0.04,0.262719696498759,2356.0,1527.0,0.04,1.0743538967702482,2356.0,1527.0,0.04,0.42507905678485064,2356.0,1527.0,0.04,0.5615281921883915,2356.0,1527.0,0.04,0.33739126643495315,2356.0,1527.0,0.04,0.6190228903762989,2356.0,1527.0,0.04,0.5262343690010658,2356.0,1527.0,0.04,1.3775127221103174,2356.0,1527.0,0.04,0.7245689582480043,2356.0,1527.0,0.04,0.18262884433514026,2356.0,1527.0
397,0.04,6.0192763706108,2866.0,1871.0,0.04,5.744144278717234,2866.0,1871.0,,,,,0.04,6.393557988427394,2866.0,1871.0,0.04,5.727666130732387,2866.0,1871.0,0.04,5.707545526324189,2866.0,1871.0,0.04,6.39285384868674,2866.0,1871.0,0.04,6.097503301644207,2866.0,1871.0,0.04,5.843198349854175,2866.0,1871.0,0.04,5.7500508988539645,2866.0,1871.0,0.04,5.768476516428776,2866.0,1871.0,0.04,5.814671848061048,2866.0,1871.0,0.04,5.814779406527917,2866.0,1871.0,0.04,5.723943359104796,2866.0,1871.0,0.04,5.859019099605885,2866.0,1871.0,0.04,5.670533819592141,2866.0,1871.0,0.04,5.808448887062073,2866.0,1871.0,0.04,6.096195436083355,2866.0,1871.0,0.04,5.721587139426964,2866.0,1871.0,0.04,5.601019670010737,2866.0,1871.0,0.04,5.731352358876611,2866.0,1871.0,0.04,5.769631370638025,2866.0,1871.0,0.04,5.721626286666872,2866.0,1871.0,0.04,5.722094450809833,2866.0,1871.0
428,0.04,6.499767152941231,2744.0,1785.0,0.04,6.301376394735362,2744.0,1785.0,0.04,6.302082542587088,2744.0,1785.0,0.04,6.727108639938977,2744.0,1785.0,0.04,6.408323196571386,2744.0,1785.0,0.04,6.315921217416528,2744.0,1785.0,0.04,6.706453685262849,2744.0,1785.0,0.04,6.506392327869749,2744.0,1785.0,0.04,6.567558639521042,2744.0,1785.0,0.04,6.3044556594974175,2744.0,1785.0,0.04,6.377788382861286,2744.0,1785.0,0.04,6.408762235357254,2744.0,1785.0,0.04,6.688092597096146,2744.0,1785.0,0.04,6.461173760378628,2744.0,1785.0,0.04,6.373656882569345,2744.0,1785.0,0.04,6.167454271438541,2744.0,1785.0,0.04,6.49922653573873,2744.0,1785.0,0.04,6.410181637405708,2744.0,1785.0,0.04,6.378518025412754,2744.0,1785.0,0.04,6.303325617278997,2744.0,1785.0,0.04,6.30186231663387,2744.0,1785.0,0.04,6.177765797732402,2744.0,1785.0,,,,,0.04,6.164991855525859,2744.0,1785.0
459,0.04,6.144976067447142,3028.0,1970.0,0.04,6.2407079837538415,3028.0,1970.0,0.04,6.241802021885945,3028.0,1970.0,0.04,6.195872577776823,3028.0,1970.0,0.04,6.195032633142317,3028.0,1970.0,0.04,6.215373880935021,3028.0,1970.0,0.04,6.351628143976761,3028.0,1970.0,0.04,6.240686680228224,3028.0,1970.0,0.04,6.240673794231357,3028.0,1970.0,0.04,6.142371019359879,3028.0,1970.0,0.04,6.214458626591255,3028.0,1970.0,0.04,6.2059927518568765,3028.0,1970.0,0.04,6.0499041811459495,3028.0,1970.0,0.04,6.049756223953392,3028.0,1970.0,0.04,6.241084716274998,3028.0,1970.0,0.04,6.134602773636443,3028.0,1970.0,0.04,6.240668198895429,3028.0,1970.0,0.04,6.14713898406585,3028.0,1970.0,0.04,6.240669442157789,3028.0,1970.0,0.04,6.188353694186681,3028.0,1970.0,0.04,6.221681346328229,3028.0,1970.0,0.04,6.082122108037328,3028.0,1970.0,0.04,6.169566707970128,3028.0,1970.0,,,,
638,0.04,9.736947903261592,2269.0,1566.0,0.04,9.665057823177404,2269.0,1566.0,0.04,9.674867581968915,2269.0,1566.0,0.04,11.42158320839639,2269.0,1566.0,0.04,10.26925538966835,2269.0,1566.0,0.04,8.916373099682989,2269.0,1566.0,0.04,11.216423910109825,2269.0,1566.0,0.04,10.211463659543702,2269.0,1566.0,0.04,9.538491198824453,2269.0,1566.0,0.04,9.629586241593548,2269.0,1566.0,0.04,10.381358396565654,2269.0,1566.0,0.04,9.573154436876193,2269.0,1566.0,0.04,9.750156018416282,2269.0,1566.0,0.04,9.504982738227445,2269.0,1566.0,,,,,0.04,9.156980003344218,2269.0,1566.0,0.04,9.736711803983603,2269.0,1566.0,0.04,10.707347682326281,2269.0,1566.0,0.04,9.756875949854102,2269.0,1566.0,0.04,9.769289355370063,2269.0,1566.0,0.04,9.623614989445391,2269.0,1566.0,0.04,9.416284015461569,2269.0,1566.0,0.04,9.702055769878003,2269.0,1566.0,0.04,9.583905820353417,2269.0,1566.0
709,0.04,2.2850144572611835,2186.0,1418.0,0.04,2.526182813177084,2186.0,1418.0,0.04,2.4764000731549145,2186.0,1418.0,0.04,6.991664528782801e-06,2186.0,1418.0,0.04,2.8372592943023047,2186.0,1418.0,0.04,3.472718226173937,2186.0,1418.0,0.04,0.00018928016261071385,2186.0,1418.0,0.04,2.854982287606051,2186.0,1418.0,0.04,2.504602842817176,2186.0,1418.0,0.04,2.539503097421482,2186.0,1418.0,0.04,2.506696086834203,2186.0,1418.0,0.04,2.0478226723062916,2186.0,1418.0,0.04,2.1212371824352485,2186.0,1418.0,0.04,1.902551837680088,2186.0,1418.0,0.04,2.654740140442109,2186.0,1418.0,0.04,2.0238562088430045,2186.0,1418.0,,,,,0.04,2.9019632780490134,2186.0,1418.0,0.04,2.4960558299191735,2186.0,1418.0,0.04,2.689681710299978,2186.0,1418.0,0.04,2.019761994225703,2186.0,1418.0,0.04,2.311437137466142,2186.0,1418.0,0.04,2.454472962191883,2186.0,1418.0,0.04,2.764050332093919,2186.0,1418.0
790,0.04,5.724536973463187,2671.0,1715.0,0.04,5.7395492308642115,2671.0,1715.0,0.04,5.754935670379517,2671.0,1715.0,0.04,5.778670766053979,2671.0,1715.0,0.04,5.73866567386337,2671.0,1715.0,0.04,5.706960053906081,2671.0,1715.0,0.04,5.719644604933193,2671.0,1715.0,0.04,5.757504420247104,2671.0,1715.0,0.04,5.731120613227892,2671.0,1715.0,0.04,5.733448498509467,2671.0,1715.0,0.04,5.711562542590113,2671.0,1715.0,0.04,5.7519961033290805,2671.0,1715.0,0.04,5.761127094725492,2671.0,1715.0,0.04,5.756638965845867,2671.0,1715.0,0.04,5.736158877322714,2671.0,1715.0,0.04,5.745453625865024,2671.0,1715.0,0.04,5.748199983776396,2671.0,1715.0,0.04,5.663726755048924,2671.0,1715.0,0.04,5.736015630059772,2671.0,1715.0,0.04,5.726441499148466,2671.0,1715.0,0.04,5.716433931063153,2671.0,1715.0,,,,,0.04,5.734640536771709,2671.0,1715.0,0.04,5.725825691064906,2671.0,1715.0
796,0.04,4.988698611004992,2725.0,1866.0,0.04,5.184789055296091,2725.0,1866.0,0.04,5.090428409000468,2725.0,1866.0,0.04,7.116571537969137,2725.0,1866.0,0.04,5.688131768810061,2725.0,1866.0,0.04,5.261602318771561,2725.0,1866.0,0.04,7.254120452715663,2725.0,1866.0,0.04,5.452720328140719,2725.0,1866.0,0.04,4.825829784677324,2725.0,1866.0,0.04,5.184661647416401,2725.0,1866.0,0.04,5.366805688501334,2725.0,1866.0,0.04,5.466382021699562,2725.0,1866.0,0.04,5.3328390845219396,2725.0,1866.0,0.04,5.619424211845906,2725.0,1866.0,0.04,5.232089965032839,2725.0,1866.0,0.04,5.809867835851045,2725.0,1866.0,0.04,4.962555893247031,2725.0,1866.0,0.04,5.435285491638824,2725.0,1866.0,0.04,5.185262154220233,2725.0,1866.0,0.04,5.3153205303232065,2725.0,1866.0,0.04,5.766150719745631,2725.0,1866.0,0.04,5.126530463220411,2725.0,1866.0,0.04,5.282518531414221,2725.0,1866.0,0.04,5.002381614374666,2725.0,1866.0
895,0.04,4.083291784870756,2258.0,1557.0,0.04,4.373913896383203,2258.0,1557.0,0.04,4.653043370483644,2258.0,1557.0,0.04,4.671723150298964,2258.0,1557.0,0.04,4.309341391666942,2258.0,1557.0,0.04,4.098570928110138,2258.0,1557.0,0.04,4.53628343651093,2258.0,1557.0,0.04,4.322471194258626,2258.0,1557.0,0.04,4.444071606206487,2258.0,1557.0,0.04,4.291057414699433,2258.0,1557.0,0.04,4.652092774085098,2258.0,1557.0,,,,,0.04,4.371179751320513,2258.0,1557.0,0.04,3.7701058182058893,2258.0,1557.0,0.04,4.343180549656676,2258.0,1557.0,0.04,4.418628090905253,2258.0,1557.0,0.04,4.821708286727612,2258.0,1557.0,0.04,4.474444266883329,2258.0,1557.0,0.04,4.389884108836755,2258.0,1557.0,0.04,4.5063998222015815,2258.0,1557.0,0.04,4.287409474707116,2258.0,1557.0,0.04,4.289147660423981,2258.0,1557.0,0.04,4.3753456141848535,2258.0,1557.0,0.04,4.29236751878825,2258.0,1557.0
939,0.04,7.627706392545952,2424.0,1617.0,0.04,7.726683315004397,2424.0,1617.0,0.04,7.616875198152879,2424.0,1617.0,0.04,8.955856728124223,2424.0,1617.0,0.04,8.10761855574239,2424.0,1617.0,0.04,7.7272141855653365,2424.0,1617.0,0.04,9.063728872087786,2424.0,1617.0,0.04,7.768119109158386,2424.0,1617.0,0.04,7.886355632926643,2424.0,1617.0,0.04,7.513154433866315,2424.0,1617.0,0.04,8.225993308160769,2424.0,1617.0,0.04,7.2176782077471655,2424.0,1617.0,,,,,0.04,7.904254237526959,2424.0,1617.0,0.04,8.200011747684437,2424.0,1617.0,0.04,7.2639546225771285,2424.0,1617.0,0.04,7.563318737613593,2424.0,1617.0,0.04,7.629368779309211,2424.0,1617.0,0.04,7.565987183120673,2424.0,1617.0,0.04,7.504900718533738,2424.0,1617.0,0.04,7.706412775816689,2424.0,1617.0,0.04,7.278369269872401,2424.0,1617.0,0.04,7.466529280832981,2424.0,1617.0,0.04,7.277724085560656,2424.0,1617.0
947,0.04,5.726396690459188,2301.0,1599.0,0.04,5.726031136047997,2301.0,1599.0,0.04,5.725807449850042,2301.0,1599.0,0.04,5.746859404486222,2301.0,1599.0,0.04,5.726292426026514,2301.0,1599.0,0.04,5.726995225038407,2301.0,1599.0,0.04,5.746657710219086,2301.0,1599.0,0.04,5.7266503748094,2301.0,1599.0,0.04,5.726071884355711,2301.0,1599.0,0.04,5.726476001474481,2301.0,1599.0,0.04,5.725756656086288,2301.0,1599.0,0.04,5.726090948264107,2301.0,1599.0,0.04,5.728276139563042,2301.0,1599.0,0.04,5.726449373312778,2301.0,1599.0,0.04,5.725735568772739,2301.0,1599.0,0.04,5.726751510856054,2301.0,1599.0,0.04,5.72647386469068,2301.0,1599.0,0.04,5.7256222978845726,2301.0,1599.0,0.04,5.725581555997806,2301.0,1599.0,,,,,0.04,5.7256365455074185,2301.0,1599.0,0.04,5.726507113073767,2301.0,1599.0,0.04,5.726759134928824,2301.0,1599.0,0.04,5.725875097518843,2301.0,1599.0
978,0.04,4.367384041488719,2251.0,1532.0,0.04,3.666511668694327,2251.0,1532.0,0.04,3.492485480050118,2251.0,1532.0,0.04,3.147882407977756,2251.0,1532.0,0.04,3.6553623601722327,2251.0,1532.0,0.04,5.162513320895027,2251.0,1532.0,0.04,3.2611728170232546,2251.0,1532.0,0.04,4.697283238700507,2251.0,1532.0,0.04,4.418795346242171,2251.0,1532.0,,,,,0.04,3.066119478838424,2251.0,1532.0,0.04,3.1229323555974022,2251.0,1532.0,0.04,3.306132350871266,2251.0,1532.0,0.04,3.272096918071892,2251.0,1532.0,0.04,4.9974050956105645,2251.0,1532.0,0.04,3.147881971998126,2251.0,1532.0,0.04,4.076755166399785,2251.0,1532.0,0.04,4.480273026626952,2251.0,1532.0,0.04,3.6586712560447765,2251.0,1532.0,0.04,3.5717243510588705,2251.0,1532.0,0.04,3.4070940404479684,2251.0,1532.0,0.04,3.4762546691175706,2251.0,1532.0,0.04,3.359561930877674,2251.0,1532.0,0.04,3.321463863962774,2251.0,1532.0
997,,,,,0.04,6.060118286232497,2872.0,1879.0,0.04,5.9701974275054415,2872.0,1879.0,0.04,5.382291307036028,2872.0,1879.0,0.04,5.533859206099661,2872.0,1879.0,0.04,5.98687113561263,2872.0,1879.0,0.04,5.154221454257211,2872.0,1879.0,0.04,5.444128521457904,2872.0,1879.0,0.04,5.980928135962246,2872.0,1879.0,0.04,5.99037834648612,2872.0,1879.0,0.04,5.735865520981433,2872.0,1879.0,0.04,6.152258676327151,2872.0,1879.0,0.04,6.074962568833696,2872.0,1879.0,0.04,6.094901994954791,2872.0,1879.0,0.04,6.073241492120298,2872.0,1879.0,0.04,5.973835561991878,2872.0,1879.0,0.04,6.021487853404647,2872.0,1879.0,0.04,5.84612242098865,2872.0,1879.0,0.04,5.9802111582247806,2872.0,1879.0,0.04,5.972738933072056,2872.0,1879.0,0.04,5.91693696119742,2872.0,1879.0,0.04,5.922483424546436,2872.0,1879.0,0.04,6.0461983279025935,2872.0,1879.0,0.04,5.981112456270697,2872.0,1879.0
