Model_File,Model_ID,Reaction_ID,Reaction_Name,Reaction_String,Mass_Imbalance,Charge_Imbalance
2872_or_mb1_mdr_rdr_dp_mb2.xml,m_2872_,AGPATr_BS,1 acylglycerol 3 phosphate O acyltransferase,0.01 1ag3p_BS_c + 0.07 fa11coa_c + 0.17 fa12coa_c + 0.01 fa1coa_c + 0.2 fa3coa_c + 0.34 fa4coa_c + 0.05 fa6coa_c + 0.1 pmtcoa_c + 0.03 strcoa_c + 0.03 tdcoa_c <=> 0.01 12dag3p_BS_c + coa_c,"{'C': -7.105427357601002e-15, 'H': -1.4210854715202004e-14, 'N': -8.881784197001252e-16, 'O': -3.552713678800501e-15, 'S': -2.220446049250313e-16}",8.881784197001252e-16
2872_or_mb1_mdr_rdr_dp_mb2.xml,m_2872_,G3POA_BS,Glycerol 3 phosphate O acyltransferase,0.07 fa11coa_c + 0.17 fa12coa_c + 0.01 fa1coa_c + 0.2 fa3coa_c + 0.34 fa4coa_c + 0.05 fa6coa_c + glyc3p_c + 0.1 pmtcoa_c + 0.03 strcoa_c + 0.03 tdcoa_c --> 0.01 1ag3p_BS_c + coa_c,"{'C': -7.105427357601002e-15, 'O': -3.552713678800501e-15, 'N': -8.881784197001252e-16, 'S': -2.220446049250313e-16}",8.881784197001252e-16
709_or_mb1_mdr_rdr_dp_mb2.xml,m_709_,AGPATr_BS,1 acylglycerol 3 phosphate O acyltransferase,0.01 1ag3p_BS_c + 0.07 fa11coa_c + 0.17 fa12coa_c + 0.01 fa1coa_c + 0.2 fa3coa_c + 0.34 fa4coa_c + 0.05 fa6coa_c + 0.1 pmtcoa_c + 0.03 strcoa_c + 0.03 tdcoa_c <=> 0.01 12dag3p_BS_c + coa_c,"{'C': -7.105427357601002e-15, 'H': -1.4210854715202004e-14, 'N': -8.881784197001252e-16, 'O': -3.552713678800501e-15, 'S': -2.220446049250313e-16}",8.881784197001252e-16
709_or_mb1_mdr_rdr_dp_mb2.xml,m_709_,G3POA_BS,Glycerol 3 phosphate O acyltransferase,0.07 fa11coa_c + 0.17 fa12coa_c + 0.01 fa1coa_c + 0.2 fa3coa_c + 0.34 fa4coa_c + 0.05 fa6coa_c + glyc3p_c + 0.1 pmtcoa_c + 0.03 strcoa_c + 0.03 tdcoa_c --> 0.01 1ag3p_BS_c + coa_c,"{'C': -7.105427357601002e-15, 'O': -3.552713678800501e-15, 'N': -8.881784197001252e-16, 'S': -2.220446049250313e-16}",8.881784197001252e-16
978_or_mb1_mdr_rdr_dp_mb2.xml,m_978_,AGPATr_BS,1 acylglycerol 3 phosphate O acyltransferase,0.01 1ag3p_BS_c + 0.07 fa11coa_c + 0.17 fa12coa_c + 0.01 fa1coa_c + 0.2 fa3coa_c + 0.34 fa4coa_c + 0.05 fa6coa_c + 0.1 pmtcoa_c + 0.03 strcoa_c + 0.03 tdcoa_c <=> 0.01 12dag3p_BS_c + coa_c,"{'C': -7.105427357601002e-15, 'H': -1.4210854715202004e-14, 'N': -8.881784197001252e-16, 'O': -3.552713678800501e-15, 'S': -2.220446049250313e-16}",8.881784197001252e-16
978_or_mb1_mdr_rdr_dp_mb2.xml,m_978_,G3POA_BS,Glycerol 3 phosphate O acyltransferase,0.07 fa11coa_c + 0.17 fa12coa_c + 0.01 fa1coa_c + 0.2 fa3coa_c + 0.34 fa4coa_c + 0.05 fa6coa_c + glyc3p_c + 0.1 pmtcoa_c + 0.03 strcoa_c + 0.03 tdcoa_c --> 0.01 1ag3p_BS_c + coa_c,"{'C': -7.105427357601002e-15, 'O': -3.552713678800501e-15, 'N': -8.881784197001252e-16, 'S': -2.220446049250313e-16}",8.881784197001252e-16
2751_or_mb1_mdr_rdr_dp_mb2.xml,m_2751_,AGPATr_BS,1 acylglycerol 3 phosphate O acyltransferase,0.01 1ag3p_BS_c + 0.07 fa11coa_c + 0.17 fa12coa_c + 0.01 fa1coa_c + 0.2 fa3coa_c + 0.34 fa4coa_c + 0.05 fa6coa_c + 0.1 pmtcoa_c + 0.03 strcoa_c + 0.03 tdcoa_c <=> 0.01 12dag3p_BS_c + coa_c,"{'C': -7.105427357601002e-15, 'H': -1.4210854715202004e-14, 'N': -8.881784197001252e-16, 'O': -3.552713678800501e-15, 'S': -2.220446049250313e-16}",8.881784197001252e-16
2751_or_mb1_mdr_rdr_dp_mb2.xml,m_2751_,G3POA_BS,Glycerol 3 phosphate O acyltransferase,0.07 fa11coa_c + 0.17 fa12coa_c + 0.01 fa1coa_c + 0.2 fa3coa_c + 0.34 fa4coa_c + 0.05 fa6coa_c + glyc3p_c + 0.1 pmtcoa_c + 0.03 strcoa_c + 0.03 tdcoa_c --> 0.01 1ag3p_BS_c + coa_c,"{'C': -7.105427357601002e-15, 'O': -3.552713678800501e-15, 'N': -8.881784197001252e-16, 'S': -2.220446049250313e-16}",8.881784197001252e-16
1114_or_mb1_mdr_rdr_dp_mb2.xml,m_1114_,AGPATr_BS,1 acylglycerol 3 phosphate O acyltransferase,0.01 1ag3p_BS_c + 0.07 fa11coa_c + 0.17 fa12coa_c + 0.01 fa1coa_c + 0.2 fa3coa_c + 0.34 fa4coa_c + 0.05 fa6coa_c + 0.1 pmtcoa_c + 0.03 strcoa_c + 0.03 tdcoa_c <=> 0.01 12dag3p_BS_c + coa_c,"{'C': -7.105427357601002e-15, 'H': -1.4210854715202004e-14, 'N': -8.881784197001252e-16, 'O': -3.552713678800501e-15, 'S': -2.220446049250313e-16}",8.881784197001252e-16
1114_or_mb1_mdr_rdr_dp_mb2.xml,m_1114_,G3POA_BS,Glycerol 3 phosphate O acyltransferase,0.07 fa11coa_c + 0.17 fa12coa_c + 0.01 fa1coa_c + 0.2 fa3coa_c + 0.34 fa4coa_c + 0.05 fa6coa_c + glyc3p_c + 0.1 pmtcoa_c + 0.03 strcoa_c + 0.03 tdcoa_c --> 0.01 1ag3p_BS_c + coa_c,"{'C': -7.105427357601002e-15, 'O': -3.552713678800501e-15, 'N': -8.881784197001252e-16, 'S': -2.220446049250313e-16}",8.881784197001252e-16
1334_or_mb1_mdr_rdr_dp_mb2.xml,m_1334_,AGPATr_BS,1 acylglycerol 3 phosphate O acyltransferase,0.01 1ag3p_BS_c + 0.07 fa11coa_c + 0.17 fa12coa_c + 0.01 fa1coa_c + 0.2 fa3coa_c + 0.34 fa4coa_c + 0.05 fa6coa_c + 0.1 pmtcoa_c + 0.03 strcoa_c + 0.03 tdcoa_c <=> 0.01 12dag3p_BS_c + coa_c,"{'C': -7.105427357601002e-15, 'H': -1.4210854715202004e-14, 'N': -8.881784197001252e-16, 'O': -3.552713678800501e-15, 'S': -2.220446049250313e-16}",8.881784197001252e-16
1334_or_mb1_mdr_rdr_dp_mb2.xml,m_1334_,G3POA_BS,Glycerol 3 phosphate O acyltransferase,0.07 fa11coa_c + 0.17 fa12coa_c + 0.01 fa1coa_c + 0.2 fa3coa_c + 0.34 fa4coa_c + 0.05 fa6coa_c + glyc3p_c + 0.1 pmtcoa_c + 0.03 strcoa_c + 0.03 tdcoa_c --> 0.01 1ag3p_BS_c + coa_c,"{'C': -7.105427357601002e-15, 'O': -3.552713678800501e-15, 'N': -8.881784197001252e-16, 'S': -2.220446049250313e-16}",8.881784197001252e-16
638_or_mb1_mdr_rdr_dp_mb2.xml,m_638_,AGPATr_BS,1 acylglycerol 3 phosphate O acyltransferase,0.01 1ag3p_BS_c + 0.07 fa11coa_c + 0.17 fa12coa_c + 0.01 fa1coa_c + 0.2 fa3coa_c + 0.34 fa4coa_c + 0.05 fa6coa_c + 0.1 pmtcoa_c + 0.03 strcoa_c + 0.03 tdcoa_c <=> 0.01 12dag3p_BS_c + coa_c,"{'C': -7.105427357601002e-15, 'H': -1.4210854715202004e-14, 'N': -8.881784197001252e-16, 'O': -3.552713678800501e-15, 'S': -2.220446049250313e-16}",8.881784197001252e-16
638_or_mb1_mdr_rdr_dp_mb2.xml,m_638_,G3POA_BS,Glycerol 3 phosphate O acyltransferase,0.07 fa11coa_c + 0.17 fa12coa_c + 0.01 fa1coa_c + 0.2 fa3coa_c + 0.34 fa4coa_c + 0.05 fa6coa_c + glyc3p_c + 0.1 pmtcoa_c + 0.03 strcoa_c + 0.03 tdcoa_c --> 0.01 1ag3p_BS_c + coa_c,"{'C': -7.105427357601002e-15, 'O': -3.552713678800501e-15, 'N': -8.881784197001252e-16, 'S': -2.220446049250313e-16}",8.881784197001252e-16
1350_or_mb1_mdr_rdr_dp_mb2.xml,m_1350_,AGPATr_BS,1 acylglycerol 3 phosphate O acyltransferase,0.01 1ag3p_BS_c + 0.07 fa11coa_c + 0.17 fa12coa_c + 0.01 fa1coa_c + 0.2 fa3coa_c + 0.34 fa4coa_c + 0.05 fa6coa_c + 0.1 pmtcoa_c + 0.03 strcoa_c + 0.03 tdcoa_c <=> 0.01 12dag3p_BS_c + coa_c,"{'C': -7.105427357601002e-15, 'H': -1.4210854715202004e-14, 'N': -8.881784197001252e-16, 'O': -3.552713678800501e-15, 'S': -2.220446049250313e-16}",8.881784197001252e-16
1350_or_mb1_mdr_rdr_dp_mb2.xml,m_1350_,G3POA_BS,Glycerol 3 phosphate O acyltransferase,0.07 fa11coa_c + 0.17 fa12coa_c + 0.01 fa1coa_c + 0.2 fa3coa_c + 0.34 fa4coa_c + 0.05 fa6coa_c + glyc3p_c + 0.1 pmtcoa_c + 0.03 strcoa_c + 0.03 tdcoa_c --> 0.01 1ag3p_BS_c + coa_c,"{'C': -7.105427357601002e-15, 'O': -3.552713678800501e-15, 'N': -8.881784197001252e-16, 'S': -2.220446049250313e-16}",8.881784197001252e-16
1208_or_mb1_mdr_rdr_dp_mb2.xml,m_1208_,AGPATr_BS,1 acylglycerol 3 phosphate O acyltransferase,0.01 1ag3p_BS_c + 0.07 fa11coa_c + 0.17 fa12coa_c + 0.01 fa1coa_c + 0.2 fa3coa_c + 0.34 fa4coa_c + 0.05 fa6coa_c + 0.1 pmtcoa_c + 0.03 strcoa_c + 0.03 tdcoa_c <=> 0.01 12dag3p_BS_c + coa_c,"{'C': -7.105427357601002e-15, 'H': -1.4210854715202004e-14, 'N': -8.881784197001252e-16, 'O': -3.552713678800501e-15, 'S': -2.220446049250313e-16}",8.881784197001252e-16
1208_or_mb1_mdr_rdr_dp_mb2.xml,m_1208_,G3POA_BS,Glycerol 3 phosphate O acyltransferase,0.07 fa11coa_c + 0.17 fa12coa_c + 0.01 fa1coa_c + 0.2 fa3coa_c + 0.34 fa4coa_c + 0.05 fa6coa_c + glyc3p_c + 0.1 pmtcoa_c + 0.03 strcoa_c + 0.03 tdcoa_c --> 0.01 1ag3p_BS_c + coa_c,"{'C': -7.105427357601002e-15, 'O': -3.552713678800501e-15, 'N': -8.881784197001252e-16, 'S': -2.220446049250313e-16}",8.881784197001252e-16
