Strain ID,Syncom,Kingdom,Phylum ,Class,Order,Family,Genus,Species
1174,Both,Pseudomonadati,Pseudomonadota,Betaproteobacteria,Burkholderiales,Comamonadaceae,Hydrogenophaga,Hydrogenophaga sp. BPS33
1234,Both,Pseudomonadati,Pseudomonadota,Alphaproteobacteria,Hyphomicrobiales,Rhizobiaceae,Neorhizobium,Neorhizobium galegae
1334,Both,Bacillati,Actinomycetota,Actinobacteria,Micrococcales,Micrococcaceae,Arthrobacter,Arthrobacter sp. FB24
100,HvSC1,Pseudomonadati,Bacteroidota,Flavobacteriia,Flavobacteriales,Flavobacteriaceae,Flavobacterium,Flavobacterium soyae
161,HvSC1,Pseudomonadati,Pseudomonadota,Betaproteobacteria,Burkholderiales,Comamonadaceae,Roseateles,Roseateles chitinivorans
163,HvSC1,Pseudomonadati,Pseudomonadota,Gammaproteobacteria,Pseudomonadales,Pseudomonadaceae,Pseudomonas,Pseudomonas sp. MM213
230,HvSC1,Pseudomonadati,Bacteroidota,Flavobacteriia,Flavobacteriales,Flavobacteriaceae,Flavobacterium,Flavobacterium sp. MDT1-60
352,HvSC1,Pseudomonadati,Pseudomonadota,Betaproteobacteria,Burkholderiales,Comamonadaceae,Polaromonas,Polaromonas sp. JS666
364,HvSC1,Pseudomonadati,Pseudomonadota,Gammaproteobacteria,Lysobacterales,Lysobacteraceae,Stenotrophomonas,Stenotrophomonas rhizophila
504,HvSC1,Pseudomonadati,Pseudomonadota,Betaproteobacteria,Burkholderiales,Oxalobacteraceae,Pseudoduganella,Pseudoduganella sp. S-14
644,HvSC1,Pseudomonadati,Pseudomonadota,Betaproteobacteria,Burkholderiales,Comamonadaceae,Acidovorax,Acidovorax sp. A79
761,HvSC1,Pseudomonadati,Pseudomonadota,Betaproteobacteria,Burkholderiales,Oxalobacteraceae,Herbaspirillum,Herbaspirillum hiltneri
778,HvSC1,Pseudomonadati,Pseudomonadota,Alphaproteobacteria,Hyphomicrobiales,Rhizobiaceae,Pararhizobium,Pararhizobium qamdonense
793,HvSC1,Pseudomonadati,Pseudomonadota,Gammaproteobacteria,Pseudomonadales,Pseudomonadaceae,Pseudomonas,Pseudomonas fluorescens
867,HvSC1,Pseudomonadati,Bacteroidota,Flavobacteriia,Flavobacteriales,Flavobacteriaceae,Flavobacterium,Flavobacterium sp. RS13.1
868,HvSC1,Pseudomonadati,Pseudomonadota,Betaproteobacteria,Burkholderiales,Comamonadaceae,Roseateles,Roseateles sp. DAIF2
892,HvSC1,Pseudomonadati,Pseudomonadota,Alphaproteobacteria,Hyphomicrobiales,Boseaceae,Bosea,Bosea sp. F3-2
946,HvSC1,Pseudomonadati,Pseudomonadota,Betaproteobacteria,Burkholderiales,Comamonadaceae,Variovorax,Variovorax paradoxus
1018,HvSC1,Pseudomonadati,Pseudomonadota,Betaproteobacteria,Burkholderiales,Comamonadaceae,Variovorax,Variovorax sp. WS11
1056,HvSC1,Pseudomonadati,Pseudomonadota,Betaproteobacteria,Burkholderiales,Comamonadaceae,Variovorax,Variovorax sp. KK3
1124,HvSC1,Pseudomonadati,Bacteroidota,Flavobacteriia,Flavobacteriales,Flavobacteriaceae,Flavobacterium,Flavobacterium pectinovorum
1167,HvSC1,Pseudomonadati,Bacteroidota,Flavobacteriia,Flavobacteriales,Flavobacteriaceae,Flavobacterium,Flavobacterium soyae
1391,HvSC1,Pseudomonadati,Bacteroidota,Flavobacteriia,Flavobacteriales,Flavobacteriaceae,Flavobacterium,Flavobacterium pectinovorum
1432,HvSC1,Pseudomonadati,Pseudomonadota,Alphaproteobacteria,Hyphomicrobiales,Rhizobiaceae,Shinella,Shinella zoogloeoides
2774,HvSC1,Pseudomonadati,Bacteroidota,Chitinophagia,Chintinophagales,Chintinophagaceae,Paraflavitalea,Paraflavitalea speifideaquila
2862,HvSC1,Pseudomonadati,Pseudomonadota,Betaproteobacteria,Burkholderiales,Comamonadaceae,Roseateles,Mitsuaria sp. 7
2872,HvSC1,Bacillati,Actinomycetota,Actinobacteria,Propionibacteriales,Nocardioidaceae,Nocardioides,Nocardioides sp. B-3
262,HvSC2,Pseudomonadati,Pseudomonadota,Gammaproteobacteria,Lysobacterales,Lysobacteraceae,Pseudoxanthomonas,Pseudoxanthomonas sp. SE1
397,HvSC2,Pseudomonadati,Pseudomonadota,Gammaproteobacteria,Pseudomonadales,Pseudomonadaceae,Pseudomonas,Pseudomonas chlororaphis
428,HvSC2,Pseudomonadati,Pseudomonadota,Betaproteobacteria,Burkholderiales,Comamonadaceae,Acidovorax,Acidovorax sp. A79
459,HvSC2,Pseudomonadati,Pseudomonadota,Alphaproteobacteria,Hyphomicrobiales,Rhizobiaceae,Ensifer,Ensifer canadensis
638,HvSC2,Bacillati,Actinomycetota,Actinobacteria,Micrococcales,Cellulomonadaceae,Cellulomonas,Cellulomonas sp. NS3
709,HvSC2,Bacillati,Bacillota,Bacilli,Bacillales,Bacillaceae,Bacillus,Bacillus thuringiensis
790,HvSC2,Pseudomonadati,Pseudomonadota,Gammaproteobacteria,Pseudomonadales,Pseudomonadaceae,Pseudomonas,Pseudomonas laurylsulfatiphila
796,HvSC2,Pseudomonadati,Pseudomonadota,Alphaproteobacteria,Caulobacterales,Caulobacteraceae,Caulobacter,Caulobacter segnis
895,HvSC2,Pseudomonadati,Pseudomonadota,Alphaproteobacteria,Sphingomonadales,Sphingomonadaceae,Sphingomonas,Sphingomonas hankookensis
939,HvSC2,Pseudomonadati,Pseudomonadota,Alphaproteobacteria,Hyphomicrobiales,Devosiaceae,Devosia,Devosia sp. FJ2-5-3
947,HvSC2,Pseudomonadati,Pseudomonadota,Alphaproteobacteria,Sphingomonadales,Sphingomonadaceae,Sphingomonas,Sphingomonas sp.
978,HvSC2,Bacillati,Actinomycetota,Actinobacteria,Propionibacteriales,Nocardioidaceae,Nocardioides,Nocardioides sp. W7
997,HvSC2,Pseudomonadati,Pseudomonadota,Gammaproteobacteria,Pseudomonadales,Pseudomonadaceae,Pseudomonas,Pseudomonas sp. MPB26
1080,HvSC2,Pseudomonadati,Pseudomonadota,Alphaproteobacteria,Hyphomicrobiales,Devosiaceae,Devosia,Devosia rhizoryzae
1101,HvSC2,Pseudomonadati,Pseudomonadota,Alphaproteobacteria,Hyphomicrobiales,Rhizobiaceae,Sinorhizobium,Sinorhizobium sp. RAC02
1114,HvSC2,Bacillati,Actinomycetota,Actinobacteria,Micrococcales,Micrococcaceae,Microbacterium,Microbacterium sp. cx-55
1208,HvSC2,Bacillati,Actinomycetota,Actinobacteria,Micrococcales,Micrococcaceae,Pseudarthrobacter,Pseudarthrobacter sp. WHRI 8279
1252,HvSC2,Pseudomonadati,Pseudomonadota,Alphaproteobacteria,Sphingomonadales,Sphingomonadaceae,Sphingobium,Sphingobium cloacae
1338,HvSC2,Pseudomonadati,Bacteroidota,Chitinophagia,Chintinophagales,Chintinophagaceae,Chitinophaga,Chitinophaga filiformis
1350,HvSC2,Bacillati,Actinomycetota,Actinobacteria,Micrococcales,Micrococcaceae,Microbacterium,Microbacterium foliorum
1357,HvSC2,Pseudomonadati,Pseudomonadota,Gammaproteobacteria,Pseudomonadales,Pseudomonadaceae,Metapseudomonas,Metapseudomonas lalkuanensis
1362,HvSC2,Pseudomonadati,Pseudomonadota,Gammaproteobacteria,Lysobacterales,Lysobacteraceae,Lysobacter,Lysobacter sp. S4-A87
2751,HvSC2,Bacillati,Bacillota,Bacilli,Bacillales,Bacillaceae,Priestia,Priestia megaterium
